{"cameraMode":{"drawMode":0,"name":"Shaded","section":"Shading Mode"},"sceneLighting":false,"audioPlay":false,"sceneViewState":{"m_AlwaysRefresh":false,"showFog":true,"showSkybox":false,"showFlares":true,"showImageEffects":true,"showParticleSystems":true,"showVisualEffectGraphs":true,"m_FxEnabled":true},"in2DMode":false,"pivot":{"x":3.872645854949951,"y":1.1769191026687623,"z":0.37035825848579409},"rotation":{"x":-0.13539579510688783,"y":0.007031186483800411,"z":-0.0009646210237406194,"w":-0.9908238053321838},"size":4.624905586242676,"orthographic":false}