{"cameraMode":{"drawMode":0,"name":"Shaded","section":"Shading Mode"},"sceneLighting":false,"audioPlay":false,"sceneViewState":{"m_AlwaysRefresh":false,"showFog":true,"showSkybox":false,"showFlares":true,"showImageEffects":true,"showParticleSystems":true,"showVisualEffectGraphs":true,"m_FxEnabled":true},"in2DMode":false,"pivot":{"x":8.026537895202637,"y":0.803135871887207,"z":-5.288565158843994},"rotation":{"x":-0.1334138959646225,"y":-0.006842529401183128,"z":0.0009166598320007324,"w":-0.9910920858383179},"size":1.4027235507965088,"orthographic":false}