{"cameraMode":{"drawMode":0,"name":"Shaded","section":"Shading Mode"},"sceneLighting":false,"audioPlay":false,"sceneViewState":{"m_AlwaysRefresh":false,"showFog":true,"showSkybox":false,"showFlares":true,"showImageEffects":true,"showParticleSystems":true,"showVisualEffectGraphs":true,"m_FxEnabled":true},"in2DMode":false,"pivot":{"x":4.628678321838379,"y":0.6859652400016785,"z":-3.6079049110412599},"rotation":{"x":-0.1334138959646225,"y":-0.006842529401183128,"z":0.0009166598320007324,"w":-0.9910920858383179},"size":1.733762502670288,"orthographic":false}