{"cameraMode":{"drawMode":0,"name":"Shaded","section":"Shading Mode"},"sceneLighting":false,"audioPlay":false,"sceneViewState":{"m_AlwaysRefresh":false,"showFog":true,"showSkybox":false,"showFlares":true,"showImageEffects":true,"showParticleSystems":true,"showVisualEffectGraphs":true,"m_FxEnabled":true},"in2DMode":false,"pivot":{"x":3.146923542022705,"y":1.1389052867889405,"z":-2.9639158248901369},"rotation":{"x":-0.13539579510688783,"y":0.007031186483800411,"z":-0.0009646210237406194,"w":-0.9908238053321838},"size":2.63753342628479,"orthographic":false}