{"cameraMode":{"drawMode":0,"name":"Shaded","section":"Shading Mode"},"sceneLighting":true,"audioPlay":false,"sceneViewState":{"m_AlwaysRefresh":false,"showFog":true,"showSkybox":true,"showFlares":true,"showImageEffects":true,"showParticleSystems":true,"showVisualEffectGraphs":true,"m_FxEnabled":true},"in2DMode":false,"pivot":{"x":-46.234256744384769,"y":17.946353912353517,"z":13.12936019897461},"rotation":{"x":-0.3548568785190582,"y":0.017849639058113099,"z":-0.006787747144699097,"w":-0.9347867965698242},"size":6.172337532043457,"orthographic":false}