{"cameraMode":{"drawMode":0,"name":"Shaded","section":"Shading Mode"},"sceneLighting":false,"audioPlay":false,"sceneViewState":{"m_AlwaysRefresh":false,"showFog":true,"showSkybox":false,"showFlares":true,"showImageEffects":true,"showParticleSystems":true,"showVisualEffectGraphs":true,"m_FxEnabled":true},"in2DMode":false,"pivot":{"x":2.271409034729004,"y":0.8457551002502441,"z":-0.07109922170639038},"rotation":{"x":-0.13539579510688783,"y":0.007031186483800411,"z":-0.0009646210237406194,"w":-0.9908238053321838},"size":2.027315139770508,"orthographic":false}