{"cameraMode":{"drawMode":0,"name":"Shaded","section":"Shading Mode"},"sceneLighting":false,"audioPlay":false,"sceneViewState":{"m_AlwaysRefresh":false,"showFog":true,"showSkybox":false,"showFlares":true,"showImageEffects":true,"showParticleSystems":true,"showVisualEffectGraphs":true,"m_FxEnabled":true},"in2DMode":false,"pivot":{"x":6.56309175491333,"y":0.8926905393600464,"z":-3.190925121307373},"rotation":{"x":-0.1334138959646225,"y":-0.006842529401183128,"z":0.0009166598320007324,"w":-0.9910920858383179},"size":1.5720432996749879,"orthographic":false}