{"cameraMode":{"drawMode":0,"name":"Shaded","section":"Shading Mode"},"sceneLighting":false,"audioPlay":false,"sceneViewState":{"m_AlwaysRefresh":false,"showFog":true,"showSkybox":false,"showFlares":true,"showImageEffects":true,"showParticleSystems":true,"showVisualEffectGraphs":true,"m_FxEnabled":true},"in2DMode":false,"pivot":{"x":-65.1725845336914,"y":2.7807867527008058,"z":75.1131820678711},"rotation":{"x":-0.11952343583106995,"y":-0.006854584906250238,"z":0.0008234760607592762,"w":-0.9928351640701294},"size":1.9008156061172486,"orthographic":false}