{"cameraMode":{"drawMode":0,"name":"Shaded","section":"Shading Mode"},"sceneLighting":false,"audioPlay":false,"sceneViewState":{"m_AlwaysRefresh":false,"showFog":true,"showSkybox":false,"showFlares":true,"showImageEffects":true,"showParticleSystems":true,"showVisualEffectGraphs":true,"m_FxEnabled":true},"in2DMode":false,"pivot":{"x":3.404240369796753,"y":1.1389052867889405,"z":-3.2175631523132326},"rotation":{"x":-0.13539579510688783,"y":0.007031186483800411,"z":-0.0009646210237406194,"w":-0.9908238053321838},"size":2.637533664703369,"orthographic":false}